{"chart": {"result": [{"meta": {}, "timestamp": [1746816360, 1746816420, 1746816480, 1746816540, 1746816600, 1746816660, 1746816720, 1746816780, 1746816840, 1746816900, 1746816960, 1746817020, 1746817080, 1746817140, 1746817200, 1746817260, 1746817320, 1746817380, 1746817440, 1746817500, 1746817560, 1746817620, 1746817680, 1746817740, 1746817800, 1746817860, 1746817920, 1746817980, 1746818040, 1746818100, 1746818160, 1746818220, 1746818280, 1746818340, 1746818400, 1746818460, 1746818520, 1746818580, 1746818640, 1746818700, 1746818760, 1746818820, 1746818880, 1746818940, 1746819000, 1746819060, 1746819120, 1746819180, 1746819240, 1746819300, 1746819360, 1746819420, 1746819480, 1746819540, 1746819600, 1746819660, 1746819720, 1746819780, 1746819840, 1746819900, 1746819960, 1746820020, 1746820080, 1746820140, 1746820200, 1746820260, 1746820320, 1746820380, 1746820440, 1746820500, 1746820560, 1746820620, 1746820680], "indicators": {"quote": [{"open": [564.6599731445312, 564.719970703125, 564.9500122070312, 564.8499755859375, 564.8599853515625, 565.0800170898438, 564.8599853515625, 564.639892578125, 564.7799072265625, 564.9000244140625, 564.8049926757812, 564.9000244140625, 564.85009765625, 564.9199829101562, 564.8599853515625, 564.9199829101562, 564.9600219726562, 565.0499877929688, 565.280029296875, 565.2999877929688, 565.25, 565.1950073242188, 565.4199829101562, 565.6799926757812, 565.7098999023438, 565.8699951171875, 565.5800170898438, 565.5800170898438, 565.3917846679688, 565.4550170898438, 565.39501953125, 565.469970703125, 565.2299194335938, 565.3300170898438, 565.5150146484375, 565.25, 564.9600219726562, 565.02001953125, 565.0800170898438, 565.2100219726562, 565.08447265625, 564.9899291992188, 565.0900268554688, 565.0499877929688, 565.010009765625, 564.530029296875, 564.4199829101562, 564.8350219726562, 564.9500122070312, 564.969970703125, 564.9199829101562, 564.8499755859375, 564.70947265625, 564.6900024414062, 564.739990234375, 564.7650146484375, 564.7100219726562, 564.8200073242188, 564.8400268554688, 564.77001953125, 564.2999877929688, 564.4400024414062, 564.2899780273438, 564.25, 564.6300048828125, 564.6900024414062, 564.5599975585938, 564.5250244140625, 564.764892578125, 564.6599731445312, 564.239990234375, 564.25, 564.2650146484375], "high": [564.760009765625, 564.8800048828125, 564.97998046875, 564.9000244140625, 565.0980224609375, 565.0800170898438, 564.8699951171875, 564.8300170898438, 564.8499755859375, 564.9000244140625, 564.9299926757812, 564.9284057617188, 564.9349975585938, 564.9500122070312, 565.0800170898438, 565.0369873046875, 565.1099853515625, 565.3200073242188, 565.280029296875, 565.3099975585938, 565.25, 565.3480224609375, 565.659912109375, 565.8099975585938, 565.8599243164062, 565.8699951171875, 565.72998046875, 565.5900268554688, 565.4547119140625, 565.5, 565.469970703125, 565.469970703125, 565.3200073242188, 565.510009765625, 565.5150146484375, 565.25, 565.010009765625, 565.1699829101562, 565.2100219726562, 565.260009765625, 565.1688232421875, 565.1793212890625, 565.1599731445312, 565.1099853515625, 565.010009765625, 564.5698852539062, 564.8646850585938, 565.1500244140625, 565.0250244140625, 565.1599731445312, 564.9450073242188, 564.8900146484375, 564.8150024414062, 564.7999877929688, 564.8099975585938, 564.7899780273438, 564.739990234375, 564.9000244140625, 564.8400268554688, 564.77001953125, 564.489990234375, 564.56787109375, 564.4099731445312, 564.5009155273438, 564.75, 564.739990234375, 564.6900024414062, 564.719970703125, 565.039306640625, 564.7000122070312, 564.3599853515625, 564.3800048828125, 564.3350219726562], "low": [564.6199951171875, 564.719970703125, 564.8200073242188, 564.8338012695312, 564.8599853515625, 564.7686767578125, 564.5599975585938, 564.6300048828125, 564.663330078125, 564.7750244140625, 564.8049926757812, 564.8150024414062, 564.85009765625, 564.8399047851562, 564.8599853515625, 564.8599853515625, 564.915283203125, 565.0499877929688, 565.0714721679688, 565.2252807617188, 565.076416015625, 565.1300048828125, 565.4199829101562, 565.5900268554688, 565.6799926757812, 565.6610107421875, 565.5399780273438, 565.3800048828125, 565.1900024414062, 565.3699951171875, 565.1951293945312, 565.239990234375, 565.1699829101562, 565.31689453125, 565.27001953125, 564.8800048828125, 564.9000244140625, 564.9793090820312, 565.0800170898438, 565.0401000976562, 564.989990234375, 564.9899291992188, 565.0407104492188, 564.9099731445312, 564.469970703125, 564.239990234375, 564.3900146484375, 564.8350219726562, 564.72998046875, 564.969970703125, 564.8099975585938, 564.630126953125, 564.5800170898438, 564.6900024414062, 564.6799926757812, 564.580078125, 564.614990234375, 564.739990234375, 564.6290893554688, 564.3200073242188, 564.1699829101562, 564.1851196289062, 564.219970703125, 564.1697998046875, 564.56982421875, 564.5499877929688, 564.4500122070312, 564.47998046875, 564.6900024414062, 564.2150268554688, 564.1300048828125, 564.2050170898438, 564.1500244140625], "close": [564.7100219726562, 564.8800048828125, 564.8527221679688, 564.8400268554688, 565.0501098632812, 564.8599243164062, 564.6409912109375, 564.7600708007812, 564.8200073242188, 564.780029296875, 564.8900146484375, 564.8699951171875, 564.9199829101562, 564.8400268554688, 564.9312133789062, 564.969970703125, 565.0609741210938, 565.2808837890625, 565.1950073242188, 565.260009765625, 565.1697998046875, 565.3499755859375, 565.6375122070312, 565.6600952148438, 565.8599853515625, 565.6699829101562, 565.5972900390625, 565.3800048828125, 565.4503173828125, 565.3699951171875, 565.469970703125, 565.25, 565.3200073242188, 565.47998046875, 565.3200073242188, 564.969970703125, 565, 565.0800170898438, 565.1900024414062, 565.0401000976562, 565.0250244140625, 565.02001953125, 565.0499877929688, 564.9400024414062, 564.469970703125, 564.47998046875, 564.840087890625, 564.969970703125, 565.0250244140625, 564.9749755859375, 564.8599853515625, 564.6699829101562, 564.6900024414062, 564.7449951171875, 564.77001953125, 564.6900024414062, 564.739990234375, 564.8399047851562, 564.760009765625, 564.3200073242188, 564.440185546875, 564.2899780273438, 564.239990234375, 564.489990234375, 564.739990234375, 564.5499877929688, 564.5999755859375, 564.719970703125, 564.927001953125, 564.280029296875, 564.2000122070312, 564.3099975585938, 564.2100219726562], "volume": [16475, 39169, 36340, 51334, 64614, 46083, 25529, 32196, 21977, 18900, 25900, 26323, 27229, 20263, 56167, 23216, 52151, 87871, 42904, 25921, 162864, 50918, 85999, 75080, 43195, 63573, 53668, 134169, 93955, 71946, 96709, 57646, 1054167, 49902, 55409, 127552, 95824, 37298, 69637, 45197, 77120, 71208, 48545, 46026, 172644, 178328, 284456, 106423, 120781, 174116, 93275, 230510, 79595, 79087, 70363, 58516, 176651, 74563, 70807, 114336, 132111, 180660, 116639, 109586, 169987, 152932, 166279, 166720, 244110, 277145, 207747, 325408, 474170]}]}}]}}