{
    "t": [
        1746816360,
        1746816420,
        1746816480,
        1746816540,
        1746816600,
        1746816660,
        1746816720,
        1746816780,
        1746816840,
        1746816900,
        1746816960,
        1746817020,
        1746817080,
        1746817140,
        1746817200,
        1746817260,
        1746817320,
        1746817380,
        1746817440,
        1746817500,
        1746817560,
        1746817620,
        1746817680,
        1746817740,
        1746817800,
        1746817860,
        1746817920,
        1746817980,
        1746818040,
        1746818100,
        1746818160,
        1746818220,
        1746818280,
        1746818340,
        1746818400,
        1746818460,
        1746818520,
        1746818580,
        1746818640,
        1746818700,
        1746818760,
        1746818820,
        1746818880,
        1746818940,
        1746819000,
        1746819060,
        1746819120,
        1746819180,
        1746819240,
        1746819300,
        1746819360,
        1746819420,
        1746819480,
        1746819540,
        1746819600,
        1746819660,
        1746819720,
        1746819780,
        1746819840,
        1746819900,
        1746819960,
        1746820020,
        1746820080,
        1746820140,
        1746820200,
        1746820260,
        1746820320,
        1746820380,
        1746820440,
        1746820500,
        1746820560,
        1746820620,
        1746820680
    ],
    "c": [
        564.71002197265625,
        564.8800048828125,
        564.85272216796875,
        564.84002685546875,
        565.05010986328125,
        564.85992431640625,
        564.6409912109375,
        564.76007080078125,
        564.82000732421875,
        564.780029296875,
        564.8900146484375,
        564.8699951171875,
        564.91998291015625,
        564.84002685546875,
        564.93121337890625,
        564.969970703125,
        565.06097412109375,
        565.2808837890625,
        565.19500732421875,
        565.260009765625,
        565.1697998046875,
        565.3499755859375,
        565.63751220703125,
        565.66009521484375,
        565.8599853515625,
        565.66998291015625,
        565.5972900390625,
        565.3800048828125,
        565.4503173828125,
        565.3699951171875,
        565.469970703125,
        565.25,
        565.32000732421875,
        565.47998046875,
        565.32000732421875,
        564.969970703125,
        565,
        565.08001708984375,
        565.19000244140625,
        565.04010009765625,
        565.0250244140625,
        565.02001953125,
        565.04998779296875,
        564.94000244140625,
        564.469970703125,
        564.47998046875,
        564.840087890625,
        564.969970703125,
        565.0250244140625,
        564.9749755859375,
        564.8599853515625,
        564.66998291015625,
        564.69000244140625,
        564.7449951171875,
        564.77001953125,
        564.69000244140625,
        564.739990234375,
        564.83990478515625,
        564.760009765625,
        564.32000732421875,
        564.440185546875,
        564.28997802734375,
        564.239990234375,
        564.489990234375,
        564.739990234375,
        564.54998779296875,
        564.5999755859375,
        564.719970703125,
        564.927001953125,
        564.280029296875,
        564.20001220703125,
        564.30999755859375,
        564.21002197265625
    ],
    "o": [
        564.65997314453125,
        564.719970703125,
        564.95001220703125,
        564.8499755859375,
        564.8599853515625,
        565.08001708984375,
        564.8599853515625,
        564.639892578125,
        564.7799072265625,
        564.9000244140625,
        564.80499267578125,
        564.9000244140625,
        564.85009765625,
        564.91998291015625,
        564.8599853515625,
        564.91998291015625,
        564.96002197265625,
        565.04998779296875,
        565.280029296875,
        565.29998779296875,
        565.25,
        565.19500732421875,
        565.41998291015625,
        565.67999267578125,
        565.70989990234375,
        565.8699951171875,
        565.58001708984375,
        565.58001708984375,
        565.39178466796875,
        565.45501708984375,
        565.39501953125,
        565.469970703125,
        565.22991943359375,
        565.33001708984375,
        565.5150146484375,
        565.25,
        564.96002197265625,
        565.02001953125,
        565.08001708984375,
        565.21002197265625,
        565.08447265625,
        564.98992919921875,
        565.09002685546875,
        565.04998779296875,
        565.010009765625,
        564.530029296875,
        564.41998291015625,
        564.83502197265625,
        564.95001220703125,
        564.969970703125,
        564.91998291015625,
        564.8499755859375,
        564.70947265625,
        564.69000244140625,
        564.739990234375,
        564.7650146484375,
        564.71002197265625,
        564.82000732421875,
        564.84002685546875,
        564.77001953125,
        564.29998779296875,
        564.44000244140625,
        564.28997802734375,
        564.25,
        564.6300048828125,
        564.69000244140625,
        564.55999755859375,
        564.5250244140625,
        564.764892578125,
        564.65997314453125,
        564.239990234375,
        564.25,
        564.2650146484375
    ],
    "h": [
        564.760009765625,
        564.8800048828125,
        564.97998046875,
        564.9000244140625,
        565.0980224609375,
        565.08001708984375,
        564.8699951171875,
        564.83001708984375,
        564.8499755859375,
        564.9000244140625,
        564.92999267578125,
        564.92840576171875,
        564.93499755859375,
        564.95001220703125,
        565.08001708984375,
        565.0369873046875,
        565.1099853515625,
        565.32000732421875,
        565.280029296875,
        565.30999755859375,
        565.25,
        565.3480224609375,
        565.659912109375,
        565.80999755859375,
        565.85992431640625,
        565.8699951171875,
        565.72998046875,
        565.59002685546875,
        565.4547119140625,
        565.5,
        565.469970703125,
        565.469970703125,
        565.32000732421875,
        565.510009765625,
        565.5150146484375,
        565.25,
        565.010009765625,
        565.16998291015625,
        565.21002197265625,
        565.260009765625,
        565.1688232421875,
        565.1793212890625,
        565.15997314453125,
        565.1099853515625,
        565.010009765625,
        564.56988525390625,
        564.86468505859375,
        565.1500244140625,
        565.0250244140625,
        565.15997314453125,
        564.94500732421875,
        564.8900146484375,
        564.81500244140625,
        564.79998779296875,
        564.80999755859375,
        564.78997802734375,
        564.739990234375,
        564.9000244140625,
        564.84002685546875,
        564.77001953125,
        564.489990234375,
        564.56787109375,
        564.40997314453125,
        564.50091552734375,
        564.75,
        564.739990234375,
        564.69000244140625,
        564.719970703125,
        565.039306640625,
        564.70001220703125,
        564.3599853515625,
        564.3800048828125,
        564.33502197265625
    ],